StartDate,EndDate,Status,Progress,Duration (in seconds),Finished,RecordedDate,ResponseId,DistributionChannel,UserLanguage,Q_RecaptchaScore,1_1,1_2,1_3,1_8,1_9,2_1,2_2,2_3,2_8,2_9,imid,Q_Language,group,SC1,SC2,SC3,controls
Start Date,End Date,Response Type,Progress,Duration (in seconds),Finished,Recorded Date,Response ID,Distribution Channel,User Language,Q_RecaptchaScore,What are the most important issues in the Netherlands today? (Please describe the top 5 most important issues) - First issue,What are the most important issues in the Netherlands today? (Please describe the top 5 most important issues) - Second issue,What are the most important issues in the Netherlands today? (Please describe the top 5 most important issues) - Third issue,What are the most important issues in the Netherlands today? (Please describe the top 5 most important issues) - Forth issue,What are the most important issues in the Netherlands today? (Please describe the top 5 most important issues) - Fifth issue,What are the most important issues in the news today? (Please describe the top 5 most important issues) - First issue,What are the most important issues in the news today? (Please describe the top 5 most important issues) - Second issue,What are the most important issues in the news today? (Please describe the top 5 most important issues) - Third issue,What are the most important issues in the news today? (Please describe the top 5 most important issues) - Forth issue,What are the most important issues in the news today? (Please describe the top 5 most important issues) - Fifth issue,imid,Q_Language,group,SC1,SC2,SC3,controls
"{""ImportId"":""startDate"",""timeZone"":""America/Denver""}","{""ImportId"":""endDate"",""timeZone"":""America/Denver""}","{""ImportId"":""status""}","{""ImportId"":""progress""}","{""ImportId"":""duration""}","{""ImportId"":""finished""}","{""ImportId"":""recordedDate"",""timeZone"":""America/Denver""}","{""ImportId"":""_recordId""}","{""ImportId"":""distributionChannel""}","{""ImportId"":""userLanguage""}","{""ImportId"":""Q_RecaptchaScore""}","{""ImportId"":""QID15_1""}","{""ImportId"":""QID15_2""}","{""ImportId"":""QID15_3""}","{""ImportId"":""QID15_8""}","{""ImportId"":""QID15_9""}","{""ImportId"":""QID38_1""}","{""ImportId"":""QID38_2""}","{""ImportId"":""QID38_3""}","{""ImportId"":""QID38_8""}","{""ImportId"":""QID38_9""}","{""ImportId"":""imid""}","{""ImportId"":""Q_Language""}","{""ImportId"":""group""}","{""ImportId"":""SC1""}","{""ImportId"":""SC2""}","{""ImportId"":""SC3""}","{""ImportId"":""controls""}"
2021-10-25 00:53:10,2021-10-25 00:53:44,IP Address,100,34,True,2021-10-25 00:53:45,R_1q1CRa6VEYcpZa4,anonymous,NL,1,milieu,sport,formule 1,ajax psv,corona,corona,max verstappen,rico verhoef,klimaat,weer,175178,NL,GA,4,3,4,yes
2021-10-25 00:53:46,2021-10-25 00:55:04,IP Address,100,78,True,2021-10-25 00:55:05,R_2PcAsJWeAGuDOyh,anonymous,NL,0.89999997615814208984375,criminaliteit,zorg,onderwijs,economie,armoede,criminaliteit,zorg,onderwijs,armoede,klimaat,2614766,NL,NOS,2,2,3,yes
2021-10-25 00:52:38,2021-10-25 00:55:34,IP Address,100,175,True,2021-10-25 00:55:35,R_3JenJjaxvPfXqGi,anonymous,NL,0.89999997615814208984375,"Gaan we corona booster krijgen ","Gaan we nieuwe corona maatregelen krijgen ",Hoe om te gaan met corona ic toenames,"Hoe om te gaan met afghaanse vluchtelingen ",Hoe om te gaan met groep ongevaccineerden,Brand in appartementen complex,Man valt 40m naar beneden en overlijdt tijdens wandeling,Max verstappen wint in amerika,Moderna corona booster nog niet goedgekeurd,Overstroming in san francisco,574428,NL,FB,0,5,3,yes
2021-10-25 00:52:59,2021-10-25 00:56:38,IP Address,100,218,True,2021-10-25 00:56:38,R_1pG5G1Lio7wZolh,anonymous,NL,1,corona,regering,loon,nieuws,pensioen,nieuws,journaal,regering,pensioen,corona,43450,NL,FB,1,5,5,yes
2021-10-25 00:54:11,2021-10-25 00:57:48,IP Address,100,217,True,2021-10-25 00:57:49,R_2uVRP81fr0iN8OU,anonymous,NL,1,corona,formatie,asielzoekers,afghanen,ic capaciteit,ic capaciteit,"winst max Verstappen ","Ajax - PSV ","asielzoekers ",gevolgen gaswinning,4827240,NL,FB,0,4,2,yes
2021-10-25 00:56:14,2021-10-25 00:57:48,IP Address,100,94,True,2021-10-25 00:57:49,R_2bJBiXXle9LhgDV,anonymous,NL,1,Corona,Milieu,Gezondheidszorg,?,?,Klimaat,Coronamaatregelen,Sudan,?,?,4548269,NL,FB,0,3,2,yes
2021-10-25 00:58:15,2021-10-25 01:00:22,IP Address,100,126,True,2021-10-25 01:00:22,R_0UlUVomsNGBbc9r,anonymous,NL,1,Corona,Economie,Woningmarkt,Veiligheid,Klimaat,Corona,Schip Canada,Schietpartij Den Bosch,Georgie,Max Verstappen winst,3855030,NL,NOS,0,1,4,yes
2021-10-25 00:58:49,2021-10-25 01:00:23,IP Address,100,93,True,2021-10-25 01:00:23,R_33rSyokToeUPjwA,anonymous,NL,0.89999997615814208984375,"Asielzoekers ","Wonen ",Verkeer,Milieu,Rechtsstaat,Polen,Europa,"Formatie ",Files,Sport,1515152,NL,NOS,0,2,5,yes
2021-10-25 00:55:39,2021-10-25 01:00:57,IP Address,100,317,True,2021-10-25 01:00:57,R_2bPffVkqQwfrS2W,anonymous,NL,1,werkgelegenheid,Milieu,klimaalcrisis,Covid 19,Kabinet,Weer,files,werkgelegenheid,milieu,Econonmie,53389,NL,GA,3,3,0,yes
2021-10-25 00:58:47,2021-10-25 01:00:58,IP Address,100,131,True,2021-10-25 01:00:59,R_22Pxd6d3AdoLrV9,anonymous,NL,1,"Max Verstappen ",Corona,Ziekenhuis personeel,Kabinet,Rico Verhoeven,Corona,"Kabinet ","Max Verstappen ",Rico Verhoeven,Corona,4020447,NL,NOS,0,0,4,yes
2021-10-25 00:59:28,2021-10-25 01:01:18,IP Address,100,110,True,2021-10-25 01:01:18,R_3PEQun11kiSWhh1,anonymous,NL,1,"Milieu ","Formatie ","Corona ","Woningnood ","Prijzen energie ","Formatie ","Prijzen energie ","Vluchtelingen ","Woningnood ","Milieu ",3148974,NL,NOS,1,0,5,yes
2021-10-25 00:58:10,2021-10-25 01:01:20,IP Address,100,189,True,2021-10-25 01:01:20,R_2EsIIGiXMlxGb6c,anonymous,NL,0.89999997615814208984375,Nieuwe regering,Woningnood,Grondwet vernieuwen,Immigratie,Asiel,Nieuwe regering,Woningnood,Klimaat,Co2,Immigratie,485456,NL,FB,0,3,0,yes
2021-10-25 00:55:11,2021-10-25 01:04:00,IP Address,100,529,True,2021-10-25 01:04:01,R_3QRFFqwkOmYcLG2,anonymous,NL,0.89999997615814208984375,Corona,"Gezondheidszorg ",Boeren,Verstappen,Weet niet,Staatsgreep sudan,Verstappen,Corona,Boeren,Geen,3821044,NL,GA,3,2,4,yes
2021-10-25 00:55:12,2021-10-25 01:04:06,IP Address,100,534,True,2021-10-25 01:04:07,R_XyVRuJkKVYvlfBT,anonymous,NL,1,hoge gasprijzen,asielzoekers,coronabesmettingen,klimaat,toeslagenaffaire,marathon Rotterdam,Max Verstappen winnaar grand prix,corona uitbarsting in Goes,verdeling asielzoekers over provincies,veel Amerikanen nemen ontslag vanwege lage lonen,4482365,NL,NOS,2,0,5,yes
2021-10-25 00:59:33,2021-10-25 01:04:34,IP Address,100,300,True,2021-10-25 01:04:35,R_1q9RjQMeTaLuCJc,anonymous,NL,1,Klimaat,Misdaad,Corona,Woningen,Toeslagenaffaire,Marathon,Formule 1,Rico,Corona,Steekpartij,47776,NL,NOS,0,0,5,yes
2021-10-25 01:00:44,2021-10-25 01:04:40,IP Address,100,236,True,2021-10-25 01:04:41,R_2VshKxTw2cHL1cM,anonymous,NL,1,klimaat,immigratie,biodiversieit,defensie,vermogen inkomen,veestapels onterecht uitgebreid,oplopende coronacijfers,ervergrande weer aan werk,eu en britten geen oplossing nrd ierland,mogelijk staatsgreep sudan,14972,NL,NOS,0,1,5,no
2021-10-25 00:58:15,2021-10-25 01:06:00,IP Address,100,465,True,2021-10-25 01:06:00,R_3OoV8ltaPpofEj7,anonymous,NL,1,"Veestapel ten onrechte uitgebreid ",Laptop taboe PI Vught,Staatsgreep Soedan,Corona uitbraak Goes,Extra asielopvang 5 provincies,Laptop taboe PI Vught,"Veestapel ten onrechte uitgebreid ","Uitwijzing ambassadeur Turkije ",Verstappen wint GP,Ajax verpletterd PSV,4096459,NL,GA,5,0,0,yes
2021-10-25 01:06:28,2021-10-25 01:08:22,IP Address,100,114,True,2021-10-25 01:08:22,R_2ru32rtJhL7u9hd,anonymous,NL,1,Zorgtekort,"Oplopende wachtrijen ziekenhuis ","Leraren tekort ","Gasprijzen ","Armoede ","Mogelijke staatsgreep Sudan ",Alec gaat langs bij man en zoon doodgeschoten collega,"Vieze herbruikbare handschoenen VS ",Geen,Geen,4624107,NL,FB,1,5,2,no
2021-10-25 01:08:48,2021-10-25 01:10:08,IP Address,100,80,True,2021-10-25 01:10:09,R_2pSrvNXzMol34mn,anonymous,NL,1,corona,economie,vluchtelingen,ter apel,kabinet,kabinet,ter apel,vluchtelingen,economie,corona,4437545,NL,GA,5,5,5,yes
2021-10-25 01:07:36,2021-10-25 01:10:59,IP Address,100,203,True,2021-10-25 01:11:00,R_yz6FRK22sx7ejlL,anonymous,NL,0.89999997615814208984375,corona,formatie,griep,economie,onrust,corona,uitzetting turkeije,formatie,staatsgreep sudan,-,1774131,NL,NOS/GA,4,0,5,no
2021-10-25 01:10:41,2021-10-25 01:11:36,IP Address,100,54,True,2021-10-25 01:11:36,R_SAJxjq0ubGQLdgl,anonymous,NL,1,Erdogan,Ambassadeur,Corona IC,Vaccinatiegraad,Ongeluk,Erdogan,Turkije,Corona,Politiek,Energieprijzen,4149835,NL,GA,5,4,3,yes
2021-10-25 01:10:04,2021-10-25 01:11:44,IP Address,100,99,True,2021-10-25 01:11:45,R_YX51Nqmz0qMoaIx,anonymous,NL,1,Immigtatie,Corona,kabinet vol leugenaars,woning te kort,ouderen,Max,voedsel te kort Engeland,Corona,immigratie opvang,ouderen,3854463,NL,GA,5,5,0,yes
2021-10-25 01:12:48,2021-10-25 01:13:15,IP Address,100,26,True,2021-10-25 01:13:16,R_PSzoGtHgKyvU3ZL,anonymous,NL,0.89999997615814208984375,J heel ja,BNN Yo,Ja Yo,BNN hmm,BNN hmm l,Hmm hmm l,BNN hmm l,Hmm ik o,Hmm ik,BNN hmm,911792,NL,GA,4,5,5,no
2021-10-25 01:03:55,2021-10-25 01:13:25,IP Address,100,570,True,2021-10-25 01:13:26,R_2eQ2ecJUJ9qUOc7,anonymous,NL,1,Corona,Milieu,Vluchtelingen stroom,Oplopende prijzen,Kabinetvorming,Corona,Vluchtelingen,Gaswinning in Groningen,Rico Verhoeven,Andre hazes,3182935,NL,FB,0,3,2,yes
2021-10-25 01:13:27,2021-10-25 01:14:59,IP Address,100,92,True,2021-10-25 01:15:00,R_2duPRro9Z8cLZHv,anonymous,NL,1,regeringsvorming,corona,milieu,criminaliteit,mobiliteit,roces moordenars DE VRIES,drugsproblematiek,opwarming van de aarde,drugs,migratie,4326794,NL,FB,0,4,0,no
2021-10-25 01:14:01,2021-10-25 01:15:28,IP Address,100,87,True,2021-10-25 01:15:29,R_b3Lje1IQ4Wyh3Bn,anonymous,NL,1,GEZONDHEID,KLIMAAT,ONDERWIJS,CRIMINALITEIT,VERKEER,GEZONDHEID,ONDERWIJS,KLIMAAT,CRIMINALITEIT,VERKEER,3832179,NL,NOS,2,3,5,yes
2021-10-25 01:14:21,2021-10-25 01:18:28,IP Address,100,246,True,2021-10-25 01:18:28,R_3kpkmeYRQzXbMFl,anonymous,NL,1,Asielzoekers,Huisvesting,Economie,Toeslagaffaire,Formatie,Staatsgreep Sudan,Geen laptop EBI,Nederlander omgekomen in Duitsland,Israël bouwt nieuwe woningen,Pakistan sluit grens,5027510,NL,NOS,0,1,3,yes
2021-10-25 01:17:58,2021-10-25 01:21:09,IP Address,100,191,True,2021-10-25 01:21:09,R_2Qtg4lVtXeuKogA,anonymous,NL,0.89999997615814208984375,Corona,Kabinet,Milieu,Woningnood,Asielzoekers,Corona,Asielzoekers,Woningnood,Max Verstappen,Rico Verhoeven,1865934,NL,FB,0,5,0,yes
2021-10-25 01:15:06,2021-10-25 01:23:19,IP Address,100,493,True,2021-10-25 01:23:19,R_2eX3FN4SktqRkvy,anonymous,NL,1,corona,noodopvang asielzoekers,Verstappen wint F1,Timmers maakt zich boos,Nederlander omgekomen in Duitsland,corona,noodopvang asielzoekers,brand container schip,lavastroom la Palma,F1,4023940,NL,NOS,0,0,3,no
2021-10-25 01:12:50,2021-10-25 01:24:33,IP Address,100,703,True,2021-10-25 01:24:34,R_2wvsS2ZruSsA1xf,anonymous,NL,1,coronamaatregelen,geweldsmisdrijven,overbevolking,zorg,onderwijs,geweldsmisdrijven,coronamaatregelen,zorg,teveel immigranten,onderwijs,1208274,NL,FB,1,5,0,no
2021-10-25 01:18:41,2021-10-25 01:24:54,IP Address,100,373,True,2021-10-25 01:24:54,R_2dFIhBjgY1Ryb2o,anonymous,NL,1,Klimaatproblematiek,Asielzoekersopvang,woningnood,Wachtlijsten in de zorg,Energieprijzen,Schadeproblematiek Groningen,Max Verstappen wint in de VS,Honderden veehouders mogen wel uitbreiden,Coronauitbraak onder asielzoekers,Nederlanden omgekomen bij bergwandeling in Duitsland,2764624,NL,NOS,0,0,3,yes
2021-10-25 01:22:29,2021-10-25 01:26:45,IP Address,100,255,True,2021-10-25 01:26:45,R_DM0bzs4HU4yLH4B,anonymous,NL,1,"Asielzoekers ","Coronabezetting ziekenhuizen ","Drukte in natuurgebieden ","Milieu ","Woningmarkt ","Extra Corona maatregelen voor ouderenbond ","Wekdienst klimaatrapport ","Natuurgebieden onterechte uitbreiding ","Nederlander omgekomen bij Duitse wandeling ","Politie onderschept illegaal vuurwerk ",45043,NL,GA,3,5,4,yes
2021-10-25 01:26:31,2021-10-25 01:28:53,IP Address,100,141,True,2021-10-25 01:28:53,R_5huVcpqaoR5K9oZ,anonymous,NL,1,Covid,Toeslagenaffare,Politie,Klimaat,Tegenstellingen,Covid,Politie,Toeslagenaffere,Klimaat,Communicatie,175461,NL,GA,3,0,5,no
2021-10-25 01:26:05,2021-10-25 01:29:25,IP Address,100,199,True,2021-10-25 01:29:25,R_3ltOoT574NQdRJo,anonymous,NL,0.89999997615814208984375,ziekenhuisopnames corona,handhaving corona regels,corona pas,vaccinatie opkrikken,zwanger corona,corona,bezetting IC,vaccineren asielzoekers,vaccineren,mondkapjes?,168860,NL,FB,0,4,0,yes
2021-10-25 01:27:38,2021-10-25 01:29:49,IP Address,100,131,True,2021-10-25 01:29:50,R_3nAGYmA7mdXDDU6,anonymous,NL,1,Corona besmettingen,woningnood,immigratie,veiligheid op straat,formatie,Corona besmettingen,houdbaarheid zorg,Immigratie,woningnood,veiligheid op straat,644346,NL,GA,5,0,5,no
2021-10-25 01:27:04,2021-10-25 01:29:53,IP Address,100,168,True,2021-10-25 01:29:53,R_2CJr5AWLf54Rg9W,anonymous,NL,0.89999997615814208984375,Coronastijgingen,huizenmarkt,Thuis werken,Squid Game,Personeelstekort,Coronastijgingen,Personeelstekort,Korea wil claim Netflix,Gevecht Rico,Moord,50925,NL,FB,1,5,1,no
2021-10-25 01:26:37,2021-10-25 01:31:31,IP Address,100,294,True,2021-10-25 01:31:32,R_3ksS5V5qFHHyWlE,anonymous,NL,1,"Woningtekort ","Corona ",Zorg,"Klimaatverandering ","Weet ik niet ","Staatsgreep Sudan ","Verstappen ","Boeren onterecht toestemming ","Gunther uit friends overleden ",Ombudsman:eigen minister voor aardbevingsschade,4729468,NL,FB,0,5,5,yes
2021-10-25 01:31:19,2021-10-25 01:32:48,IP Address,100,88,True,2021-10-25 01:32:48,R_Tt4QlPL2zpuQspj,anonymous,NL,1,werk,zorg,corona,energie,milieu,werk,zorg,corona,milieu,energie,444657,NL,FB,1,5,1,no
2021-10-25 01:33:33,2021-10-25 01:34:41,IP Address,100,68,True,2021-10-25 01:34:43,R_10uUx1lH7FQ0BTu,anonymous,NL,1,kabinet,Corona,zorg,klimaat,vandalisme,corona,kabinet,zorg,ajax,azc,1515178,NL,NOS,0,1,3,yes
2021-10-25 01:34:05,2021-10-25 01:37:06,IP Address,100,181,True,2021-10-25 01:37:06,R_73uhZnoegkAK9Ff,anonymous,NL,1,oplopend aantal coronabesmettingen,overlopende asielopvang,veiligheid op straat,"bezetingsproblemen in overheidsgerelateerde organisaties (politie, zorg, onderwijs)",vorming van een nieuwe regering,nieuwe opvangplekken voor asielzoekers,oplopend aantal ziekenhuisopnamen door Corona,grote coronauitbraak in een asielopvanglocatie,start onderhandelingen nieuwe regering,verkeersdrukte,489090,NL,NOS,0,0,4,yes
2021-10-25 01:30:43,2021-10-25 01:39:52,IP Address,100,548,True,2021-10-25 01:39:53,R_1eQLnLIsAGOKmSK,anonymous,NL,0.89999997615814208984375,Wantrouwen en afkeuring Rutte 111,A4 dicht vrachtwagen gevaarlijke stof,Covid,Miljoenen medische handschoenen als nieuw verkocht,Friends acteur overleden,Miljoenen medische handschoenen als nieuw verkocht,"Rutte 111  wantrouwen en afkeuring  ",Covid,"A4 dicht vrachtwagen gevaarlijke stoffen ",Corona uitbraak Goes,4012731,NL,FB/NOS/GA,3,5,3,yes
2021-10-25 01:37:45,2021-10-25 01:40:56,IP Address,100,191,True,2021-10-25 01:40:56,R_1mK9cS57Tafurt3,anonymous,NL,0.89999997615814208984375,China,Taiwan,Vluchtelingen,x,y,Moord Den Bosch,Zorg,Covid19,Extreem-rechts in Italie,x,42267,NL,GA,5,1,5,yes
2021-10-25 01:33:17,2021-10-25 01:41:56,IP Address,100,518,True,2021-10-25 01:41:56,R_06f40izXruVboKR,anonymous,NL,0.89999997615814208984375,Hoge coronacijfers,Gedupeerden toeslagenaffaire,Gevolgen gaswinning Groningen nationale crisis,Klimaat,Hoge gasprijzen,Gevolgen gaswinning Groningen nationale crisis volgens Ombudsman,Drukte op IC's,Miljoenen gebruikte medische handschoenen Verenigde Staten als nieuw verkocht,Soedanese premier onder huisarrest tijdens couppoginge,Curaçao bereikt mijlpaal eerste 100000 prikken,3181318,NL,NOS,0,0,5,yes
2021-10-25 01:40:23,2021-10-25 01:43:26,IP Address,100,183,True,2021-10-25 01:43:27,R_Pwb8DealTfpGgY9,anonymous,NL,1,Corona,Zorg,"Toenemend geweld ",-,-,"Roemenië Corona ",Kabinet(sformatie),Zorg,-,-,579492,NL,FB,0,5,2,yes
2021-10-25 01:39:04,2021-10-25 01:45:01,IP Address,100,356,True,2021-10-25 01:45:01,R_3MMrpfXYWc1F7do,anonymous,NL,1,Asiel opvang,Formatie regering,Corona oplopende cijfers,Corona matregelen,Problemen ziekehuizen,Verstappen wint in Amerika,Rutte III de meeste Motities,Opvang Asiel in Goes,Corona uitbraak in Asiel Centrum,volle zieken huis,4434405,NL,GA,5,0,2,yes
2021-10-25 01:47:53,2021-10-25 01:50:22,IP Address,100,148,True,2021-10-25 01:50:22,R_22zEDyQufMMtpTF,anonymous,NL,0.89999997615814208984375,corona,gezondheidszorg,economie,wooncrisis,immigratie,corona,gezondheidszorg,immigratie,wooncrisis,economie,5029808,NL,NOS,0,0,5,yes
2021-10-25 01:40:48,2021-10-25 01:51:37,IP Address,100,648,True,2021-10-25 01:51:37,R_2dEKsCLOrBQkP9L,anonymous,NL,1,Corona,Rutte,Asielzoekers,Inflatie,Toename moorden,Corona,Diverse moorden,Asielzoekers,Rutte,Gevecht Verhoeve,4156208,NL,GA,3,4,4,yes
2021-10-25 01:49:19,2021-10-25 01:51:47,IP Address,100,147,True,2021-10-25 01:51:47,R_2rnYMsPg1jXssDJ,anonymous,NL,1,Boeren stikstofprbleem,Vorming van een nieuw kabinet,Corona pandemie,Onderwijs,Maatschappelijk welzijn,Boeren stikstof probleem,Watersnood New York,Pandemie,Onderwijs,Afhandeling toeslagaffaire,4780007,NL,FB,0,5,0,yes
2021-10-25 01:50:33,2021-10-25 01:53:04,IP Address,100,151,True,2021-10-25 01:53:05,R_1d5ZNAao5CqWobj,anonymous,NL,1,Corona oplopent,"Kabinets formatie ",Huizenmarkt,"Toeslagen affaire ",Kindjes uit huis geplaatst,Max Verstappen,"Rico Verhoeven wint ","Zege Ajax op PSV ",Instagram live stream moord zus,Hypotheek rente stijgt,5039490,NL,FB,0,5,0,yes
2021-10-25 01:52:02,2021-10-25 01:54:13,IP Address,100,130,True,2021-10-25 01:54:13,R_1Gy8OFMpHqB4T0L,anonymous,NL,1,"Coronacijfers ","Turkije ",KLM,Containervaart,"Rapper ","Coronacijfers ","ABBA ",Containervaart,KLM,"Medische handschoenen ",345053,NL,FB,0,5,5,yes
2021-10-25 01:50:37,2021-10-25 01:54:32,IP Address,100,234,True,2021-10-25 01:54:33,R_3PLfaLaYqc72w6W,anonymous,NL,1,corona,veestapel,klimaat,verstappen,weer,klimaat,veestapel te groot,oplopende corona cijfers,weer,dood cameravrouw,3852749,NL,NOS,2,3,5,yes
2021-10-25 01:53:58,2021-10-25 01:56:09,IP Address,100,131,True,2021-10-25 01:56:09,R_3G2kQOO47pmSeAc,anonymous,NL,1,"Integratie ","Vertrutteling samenleving ",Kozp samenleving,"Voetbal ","Racisme ","psv ",Ajax,Voetbal,Weer,"Vertrutteling samenleving ",46418,NL,GA,3,5,3,yes
2021-10-25 01:55:34,2021-10-25 01:56:31,IP Address,100,56,True,2021-10-25 01:56:31,R_24Obqylsg1WaUL3,anonymous,NL,1,corona,klimaat,huizencrisis,arbeidsmarkt,kabinet,corona,arbeidsmarkt,klimaat,weet ik niet,weet ik niet,5005724,NL,NOS,0,2,5,yes
2021-10-25 01:55:55,2021-10-25 01:57:18,IP Address,100,83,True,2021-10-25 01:57:18,R_3HS44rsEnu8aT06,anonymous,NL,1,Migranten,"Wateroverlast ","Gaswinning ",Plastic,Weet even niet,Milieuvervuiling stikstif,"Stikstof ",Plastic,"Wateroverlast ","Pensioenfondsen ",3139183,NL,NOS,0,0,5,yes
2021-10-25 01:57:16,2021-10-25 01:58:10,IP Address,100,54,True,2021-10-25 01:58:10,R_3IXCwdKEdFxRGqG,anonymous,NL,1,Asiel,Coronabeleid,"Verkiezingen ",Nvt,Nvt,Economie,Stikstof,Asiel,Nvt,Nvt,2673441,NL,GA,4,5,4,no
2021-10-25 01:57:44,2021-10-25 01:59:17,IP Address,100,92,True,2021-10-25 01:59:17,R_RbsVrb7WS1gotup,anonymous,NL,0.89999997615814208984375,pandemie,gastekort,woningtekort,zorgpersoneel te kort,afghanen,politieke rel turkije,cijfers covid19,tekort zorgpersoneel,staatsgreep sudan,winst max verstappen,3132317,NL,NOS,0,0,5,yes
2021-10-25 02:00:58,2021-10-25 02:03:21,IP Address,100,143,True,2021-10-25 02:03:22,R_31zWi4kWFb1Ntek,anonymous,NL,1,Corona,"Toeslagen affaire ","Klimaat ","Bestuur ",Aardbevingen groningen,Corona,Steekpartij den bosch,"Veiligheid ",Groningen,Fc barcelona,489084,NL,FB,0,3,0,yes
2021-10-25 01:58:40,2021-10-25 02:04:45,IP Address,100,365,True,2021-10-25 02:04:45,R_32UWHxH9Ca3rUTz,anonymous,NL,0.800000011920928955078125,huisvesting/woningnood,kabinetsformatie,klimaat/milieu,afwikkeling toeslagenaffaire,afwikkeling aardbevingsscahde,oplopende coronabesmettingen,veestapels onterecht uitgebreid,Israël gaat woningen bouwen in bezet gebied,mogelijk staatsgreep in Sudan,Amnesty vertrekt uit Hongkong,480907,NL,FB,0,4,0,yes
2021-10-25 02:02:20,2021-10-25 02:05:06,IP Address,100,165,True,2021-10-25 02:05:06,R_RrTCPEfkJzicOkN,anonymous,NL,1,Ter Apel,Huizenbouw,Corona,Regering,Milieu,Corona,Ajax,Ter Apel,Corona,Polen,175262,NL,NOS,2,2,5,no
2021-10-25 02:01:43,2021-10-25 02:06:21,IP Address,100,278,True,2021-10-25 02:06:21,R_3iwXhvKfs0duNom,anonymous,NL,1,groningen,datacentra,coronamaatregelen,milieuproblemen rond boeren,formatie voortgang,groningen,corona,milieu,immigratie,marengoproces,659202,NL,FB,0,5,5,yes
2021-10-25 02:04:34,2021-10-25 02:08:07,IP Address,100,213,True,2021-10-25 02:08:07,R_wKPmHJWJN5i0wnv,anonymous,NL,0.89999997615814208984375,Sport mij too,Woningnood,Defentie,Zorg,Verkeer,Druck.s,Hangjongenren,Buurtjuis sluitinc,Verkeer lokaal,Defentie,2436678,NL,NOS,2,0,3,yes
2021-10-25 02:02:18,2021-10-25 02:08:14,IP Address,100,355,True,2021-10-25 02:08:14,R_poWP5vHeo5J6u89,anonymous,NL,0.89999997615814208984375,Klimaat,"Wooncrisis ",Stikstof,Covid,"Asielzoekers ",Covid,"Formatie ","Gasprijs ","Criminaliteit ","Inex pensioenen ",2434670,NL,NOS,2,3,5,yes
2021-10-25 02:07:17,2021-10-25 02:08:50,IP Address,100,93,True,2021-10-25 02:08:51,R_Wfcpeqe5DXDPDJT,anonymous,NL,1,Stikstof,Boeren,Corona,Huizen,Immigratie,Kabinet vormen,Voetbal supporters,Immigratie,ter Apel,Stikstof,1867794,NL,FB,0,5,0,yes
2021-10-25 02:05:46,2021-10-25 02:09:00,IP Address,100,193,True,2021-10-25 02:09:00,R_2D0KcY2gQN85xpT,anonymous,NL,1,verstappen in de VS,brand containerschip canada,Personeelstekort IC,"precident Georgie ",friends acteur overleden,Verstappen in de VS,brand containerschip bij Canada,Personeelstekort IC,president Georgie,friends acteur overleden,727824,NL,FB,1,5,0,yes
2021-10-25 02:08:53,2021-10-25 02:09:53,IP Address,100,60,True,2021-10-25 02:09:54,R_SUiQPvBudepqCU9,anonymous,NL,1,ajax,voetbal,corona,migranten,gasprijs,olieprijs,corona,werklozen,illegaal,voetbal,875901,NL,GA,4,4,4,yes
2021-10-25 02:08:27,2021-10-25 02:10:25,IP Address,100,117,True,2021-10-25 02:10:25,R_9mn440z8FOLlIel,anonymous,NL,0.89999997615814208984375,Kabinet,Corona,"Opvang asielzoekers ","Toeslagen affaire ","Voetbalgeweld ",Motie wantrouwen kabinet,Booster prik Moderna,"Noodopvang Goes corona ","Vuurwerk inbeslagname ","Laptops EBI ",4074650,NL,FB,2,5,3,yes
2021-10-25 02:13:28,2021-10-25 02:18:19,IP Address,100,290,True,2021-10-25 02:18:19,R_2UVoTrcCX1Bm3xX,anonymous,NL,0.89999997615814208984375,Oplopende coronacijfers IC.,Gevolgen gaswinning Groningen.,Maar 5 provincies nemen asielzoekers op.,Stijgende gasprijzen.,Webshops te laat met teugbetalen.,Conflict Israël Palestijen.,Relatie Rusland Europa vanwege gas.,Pushbacks aan grenzen Europa.,Noodweer Californië,Wereldwijd 5 miljoen coronadoden.,168500,NL,NOS,0,0,5,yes
2021-10-25 02:16:23,2021-10-25 02:19:12,IP Address,100,168,True,2021-10-25 02:19:12,R_2YlAUI6S1ps9AWo,anonymous,NL,1,asielzoekers,criminaliteit,economie,de ebi,huizen prijzen,asielzoekers,criminaliteit,Erdohan,het weer,betaalbaar wonen,40696,NL,FB,0,3,0,yes
2021-10-25 02:14:55,2021-10-25 02:19:42,IP Address,100,286,True,2021-10-25 02:19:42,R_Cad9boke4EJpFbr,anonymous,NL,0.89999997615814208984375,klimaat,kabinet,zorg,ziekenhuizen,corona,klimaatdoelstelling,verstappen auto,sudan,boeren,ombudsman/Groningen,3337224,NL,GA,4,5,5,yes
2021-10-25 02:16:52,2021-10-25 02:21:02,IP Address,100,249,True,2021-10-25 02:21:02,R_1PT3tu9geIgJX9K,anonymous,NL,0.89999997615814208984375,kabinet,armoede,vluchtelingen,criminaliteit,corona,corona,moorden,geen begrip voor elkaar,diefstal,geldbeleid,488061,NL,FB,0,5,0,yes
2021-10-25 02:18:22,2021-10-25 02:22:28,IP Address,100,246,True,2021-10-25 02:22:28,R_2tgLIzJvvKRK8b9,anonymous,NL,1,Landbouw stikstofuitstoot,asielopvang,woningnood,energie,oplopen covidbesmetting,oplopen covidbesmetting/Tekort  ic-bedden,kabinetformatie,asielopvang,landbouw,energie,5026718,NL,GA,3,5,5,yes
2021-10-25 02:23:43,2021-10-25 02:24:49,IP Address,100,65,True,2021-10-25 02:24:50,R_1JLB1KhutnYoIEg,anonymous,NL,1,wonen,klimaat,europa,politie,schiphol,turkije,klimaat,wonen,politie,kabinet,3135565,NL,GA,3,0,4,yes
2021-10-25 02:23:18,2021-10-25 02:26:16,IP Address,100,178,True,2021-10-25 02:26:17,R_sLQ8IzBldG3e00N,anonymous,NL,0.89999997615814208984375,corona,geen kabinet,teveel asielzoekers,te weinig sociale woningen,hoge innergie rekening,corona,geen kabinet,teveel asiel zoekers,te veel statie houders,crimmelateit,1865630,NL,GA,5,0,2,yes
2021-10-25 02:21:56,2021-10-25 02:26:26,IP Address,100,270,True,2021-10-25 02:26:28,R_3nfvMujhmopgD6Y,anonymous,NL,0.89999997615814208984375,woningnood,immigratie,misdaad,al 3 genoemd,al 3 genoemd,Moties wantrouwen/afkeuring Rutte III,Conflict met Turkije,Arbeidsmarkt zet KLM klem,al 3 genoemd,al 3 genoemd,3114463,NL,NOS,1,0,3,no
2021-10-25 02:23:51,2021-10-25 02:27:25,IP Address,100,213,True,2021-10-25 02:27:25,R_3CEhYKNkETVeOwo,anonymous,NL,1,Duurzaamheid,IC-capaciteit,Oplopende besmettingsgraad,Economisch herstel,Woningbouw,Oplopende coronacijfers,Gasprijzen,Kabinetsformatie,Britse tekorten door Brexit,F1,14252,NL,NOS,2,2,4,no
2021-10-25 02:28:25,2021-10-25 02:29:40,IP Address,100,75,True,2021-10-25 02:29:40,R_9oyY7UXeMxKIhMJ,anonymous,NL,1,"corona ","asielbeleid ","kabinetsformatie ","milleu ","onderwijs ","corona ","asielbeleid ","kabinetsformatie ","milleu ",onderwijs...,4074720,NL,NOS,1,0,3,yes
2021-10-25 02:19:44,2021-10-25 02:30:04,IP Address,100,619,True,2021-10-25 02:30:04,R_3oYdNoInVt1pnXc,anonymous,NL,1,Staatsgreep in Soedan,"miljoenen gebruikte handschoenen in VS verkocht als nieuw zijn die ook in ons land terecht gekomen de VS als nieuw verkocht ",Covid uitbraak in asielzoekers opvang,Overbieden op de huizenmarkt het nieuwe normaal ?,"Verkeersongeval met gevaarlijke stoffen weg naar België afgesloten ",Vuile handschoenen in de VS verkocht als nieuw !!,"weer nieuwe lava stromen op La Palma ","Covid uitbraak in asielzoekers opvang ","Erdogan laat zijn ware gezicht zien ","nog altijd gaat het geen stap vooruit met een nieuw kabinet ",45797,NL,FB,0,5,5,yes
2021-10-25 02:18:46,2021-10-25 02:31:29,IP Address,100,762,True,2021-10-25 02:31:29,R_1lfvaAEMso7zVvi,anonymous,NL,1,zorgen op IC,Gaswinningkabinet,kabinet,co 2 uitstoot,Miljoenen vieze gebruikte handschoenen,Max wint in USA,gaswinning Groningen,zorgen op IC,LAVA STROOMT UIT NIEUWE KRATER,GEZICHT herkenning,4876236,NL,NOS,2,3,5,yes
2021-10-25 02:26:46,2021-10-25 02:31:36,IP Address,100,290,True,2021-10-25 02:31:37,R_2Rb1oDQqmr3IsPe,anonymous,NL,1,zorgkosten,corona,energie,formatie,geen laptops meer in de gevangenis,zorg,energie,olie te duur,weer,"verstappen wint ",2744799,NL,FB,1,3,4,yes
2021-10-25 02:28:14,2021-10-25 02:31:39,IP Address,100,205,True,2021-10-25 02:31:40,R_21cYalL0g4tdVgI,anonymous,NL,1,woningnood,corona-druk op zorg,klimaat,gasprijzen,economie,stijgende coronabesmettingen,minister aardbevingsschade groningen,uitzetting ambassadeurs Turkije,race max verstappen,klimaatdoelstellingen,5024188,NL,GA,3,5,5,yes
2021-10-25 02:28:27,2021-10-25 02:33:19,IP Address,100,292,True,2021-10-25 02:33:20,R_2V1MBcOBILbN2dZ,anonymous,NL,1,Covid-19 besmettingen,Rel Turkije,Ombudsman Gaswinning,toeslagenaffaire,kabinetsformatie,wandelaar verongelukt,besmettingen Covid-19,Diplomatieke rel Turkije,overlijden acteur Friends,Ombudsman Gaswinning Groningen,810995,NL,NOS,0,0,5,yes
2021-10-25 01:09:29,2021-10-25 02:34:28,IP Address,100,5099,True,2021-10-25 02:34:29,R_6GdeERKyGczQ0N3,anonymous,NL,1,coronacijfer,vaccinatiebooster,gas prijs,"Tesla - zelfrijden issue ",meer grieperige mensen,corono cijfer blijf stijgen,"problemen in IC ",gas prijs,Tesla - zelf rijden issue,Gunther is overleden,4779640,NL,FB,2,5,2,yes
2021-10-25 02:36:20,2021-10-25 02:38:33,IP Address,100,133,True,2021-10-25 02:38:34,R_3RmC0EmFQZJf0WN,anonymous,NL,1,Corona,"Woningtekort ","Energieprijzen ","Economie ",Klimaat,Verstappen wint,"Psv vernederd ",Coupe in soedan,Ic maakt zich zorgen,Meer veehouderijen,1739633,NL,FB,1,5,3,yes
2021-10-25 02:32:53,2021-10-25 02:39:59,IP Address,100,425,True,2021-10-25 02:39:59,R_2VekELPqEcqYzFm,anonymous,NL,1,"Klimaatverandering ","Woningnood ","Terrorisme ",Co2,"Toeslagen affaire ","Klimaatdoelstellingen van Nederlandse bedrijven lopen uiteen ","Webwinkels betalen nog steeds te laat terug ","Leger Sudan bestormt omroep ",Amnesty International vertrekt uit Hongkong,"Eigen minister nodig voor aardbevingsschade Groningen ",1865690,NL,NOS,2,0,3,yes
2021-10-25 02:33:37,2021-10-25 02:40:12,IP Address,100,395,True,2021-10-25 02:40:13,R_1NevWuAxDQ7EDeX,anonymous,NL,1,Treurig record Rutte 111,Stijging Corona gevallen,Lege stoelen op marokko vluchten,Discussie zomertijd,Inhalen uitgestelde zorg lukt niet,Alarmerende coronacijfers in Oost Europa,Treurig record Rutte 111,Erdogan op ramkoers,Kloof met Turkye groter dan ooit,Vaccin scepsis,4017147,NL,GA,3,1,2,yes
2021-10-25 02:39:49,2021-10-25 02:40:26,IP Address,100,37,True,2021-10-25 02:40:27,R_8nQBMeubnyj03xT,anonymous,NL,1,corona,zorg,woningsector,geen,geen,geen idee,--,--,--,--,36853,NL,NOS,0,3,4,yes
2021-10-25 02:40:48,2021-10-25 02:41:27,IP Address,100,38,True,2021-10-25 02:41:27,R_qIa2FZw5hW0RVId,anonymous,NL,1,economie,gasprijs,corona,zorg,woningmarkt,coronacrisis,--,--,--,--,43542,NL,NOS,0,3,5,yes
2021-10-25 02:42:46,2021-10-25 02:45:18,IP Address,100,151,True,2021-10-25 02:45:19,R_3eIMyQaxGFyiknv,anonymous,NL,1,"Coronacrisis ","Overvolle ziekenhuizen ","Uitgestelde operaties ","Criminaliteit ","Onderwijs te weinig (gekwalificeerd) personeel ","Besmettingen ","Overvolle ziekenhuizen ","Eventuele maatregelen tegen corona ","Verstappen ","Voetbal ",4408379,NL,NOS,1,0,5,yes
2021-10-25 02:45:19,2021-10-25 02:47:20,IP Address,100,120,True,2021-10-25 02:47:20,R_1rpn0sVs1ak2mKZ,anonymous,NL,1,Asielzoekers,Huisvesting,Corona,Klimaat,Agressie,Asielzoekers,Huisvesting,Corona,Klimaat,Agressie,3850394,NL,FB,0,5,0,yes
2021-10-25 02:47:08,2021-10-25 02:51:13,IP Address,100,244,True,2021-10-25 02:51:13,R_ebTqzB95mvGxlqp,anonymous,NL,1,Klimaatambities,Fraude medische handschoenen,Veestapeluitbreidig,"Verstappen wint,x",?,Israël wil weer bouwen,Coup Dudan,Nederlander dood bij val in Duitsland,Laptop tabou in gevangenis Vugt,?,484086,NL,GA,4,5,4,yes
2021-10-25 02:50:44,2021-10-25 02:52:23,IP Address,100,98,True,2021-10-25 02:52:23,R_2QEuBhW7VsnF2us,anonymous,NL,1,Corona,Formatie,Zorg,Misdaad,Vreemdelingen,Sport,Corona,Vreemdelingen,Misdaad,Zorg,1773810,NL,FB,0,4,3,yes
2021-10-25 02:56:55,2021-10-25 02:59:43,IP Address,100,167,True,2021-10-25 02:59:43,R_3DkaDZTzMbQW8xO,anonymous,NL,0.89999997615814208984375,"milieu ","voedsel ","elektrische auto's ","elektronische producten ",elektronische geld,"milieu ","voedsel ","elektrische auto's ","elektronische apparaten ",elektronische geld,2765141,NL,GA,5,2,0,no
2021-10-25 02:57:57,2021-10-25 03:01:11,IP Address,100,194,True,2021-10-25 03:01:11,R_u2OpGc8UEqrMnxD,anonymous,NL,1,Asiel beleid,"Energie kosten ",Pensioenen,"Woningnood ","Benzineprijs ",Asiel beleid,"Woningnood ","Benzineprijs ","Pensioen ","Energie prijs ",481820,NL,FB,2,4,3,yes
2021-10-25 00:59:50,2021-10-25 03:01:20,IP Address,100,7289,True,2021-10-25 03:01:20,R_1kSkSNBdChqcCom,anonymous,NL,1,PSV,Energie,Kabinet,Armoede,Corona,Corona,Armoede,PSV,Kabinet,Energie,2685805,NL,ALL,3,3,3,yes
2021-10-25 02:58:02,2021-10-25 03:03:12,IP Address,100,309,True,2021-10-25 03:03:12,R_1IgCSAnZkCy60QR,anonymous,NL,1,Corona,Kabinetsformatie,zijn meer woningen noodzakelijk,leegloop aan personeel in ziekenhuizen,oplopend aantal files,fraude met medische handschoenen,"Coup in Sudan ",zorg ziekenhuizen om corona,uitzetten ambassadeurs uit Turkeije i,zelfmoordpoeder X,1522076,NL,NOS,0,1,4,yes
2021-10-25 02:56:20,2021-10-25 03:04:03,IP Address,100,462,True,2021-10-25 03:04:03,R_3KH3bC85UfqHZzU,anonymous,NL,1,klimaatcrisis,woningnood,vluchtelingen,politieke impasse,drugscriminaliteit,meer bedrijven niet klimaatvriendelijk,meer koeien bij natuurgebieden,fraude medische handschoenen,Erdogan wijst ambassadeurs uit,Amnesty sluit Hongkongbureau,3130969,NL,NOS,0,0,5,yes
2021-10-25 03:06:40,2021-10-25 03:08:50,IP Address,100,129,True,2021-10-25 03:08:50,R_2XcBNfDAAbTiwS6,anonymous,EN,1,covid,energy,price increases overall,state of government,crime,covid,covid,covid,covid,covid,2837723,EN,FB,0,5,0,yes
2021-10-25 03:00:10,2021-10-25 03:11:48,IP Address,100,698,True,2021-10-25 03:11:49,R_1r7hvGAc3Ecivfc,anonymous,NL,1,webwinkels terugbetalen,corona uitbraak,woningnood,zorgpersoneel tekort,ouderenzorg,staatsgreep sudan,Thailand,Verstappen wint,veel nieuwe corona patiënten,tekort zorgmedewerkers,168772,NL,FB,0,5,0,yes
2021-10-25 03:08:27,2021-10-25 03:16:32,IP Address,100,485,True,2021-10-25 03:16:32,R_31gDXGif4KNKtmr,anonymous,NL,1,Corona,ic bedden,te kort aan verplegend personeel,Toeslagen affaire,criminaliteit,weer stijging corona patiënten,advocaten mogen geen laptop meer meenemen naar cliënt,uitzetting buitenlandse diplomaten in Turkije,nederlander verongelukt in duitsland door van van 40 meter in bergachtig gebied,"israel gaat weer bouwen op bezet gebied, veel weerstand",168751,NL,FB,0,5,0,yes
2021-10-25 03:14:03,2021-10-25 03:16:40,IP Address,100,156,True,2021-10-25 03:16:40,R_2aVVz6iUoVzzPLK,anonymous,NL,1,Klimaat,Misdaad,Wonen,Corona,Migratie,Relatie turkije,Corona,Klimaat,Migratie,Politiek,3861452,NL,GA,5,0,4,no
2021-10-25 03:16:10,2021-10-25 03:18:08,IP Address,100,117,True,2021-10-25 03:18:08,R_DhO529tKZ7fzmbT,anonymous,NL,1,Ic weer erg druk,Corona,Nieuw kabinet,Huizen tekort,"Ongevaccineerde ",Drukte Ic,Ongevaccineerde,Nieuw kabinet,Corona,Huizen tekort,4413564,NL,FB,2,4,3,yes
2021-10-25 03:12:16,2021-10-25 03:22:19,IP Address,100,602,True,2021-10-25 03:22:19,R_1C0VKGqqnPasggk,anonymous,NL,1,opvang asielzoekers,immigratie,oderenbond wil extra coronaregels,onderzoek klimaatdoelstellingen lopem uiteen,files in nederland,amnesty weg hong kong,Erdogan duwt lira verder diepte in,eigen minister nodig voor aardbevingsschade in groningen,consumentenbond:webwingels betalen nos steeds tte laat terug,militaire staatgreep in soedan,43209,NL,FB,0,5,5,yes
2021-10-25 03:20:29,2021-10-25 03:24:04,IP Address,100,215,True,2021-10-25 03:24:04,R_3iqFbqYMPCYnVus,anonymous,NL,0.89999997615814208984375,klimaat,kabinetsformatie,gezondheidszorg,opvang vluchtelingen,Covid 19,Opvanglocaties vluchtelingen,Afscheid Merkel EU,sportnieuws,Ziekenhuizen raken overbelast,tekort arbeidskrachten diverse sectoren,175805,NL,NOS,1,0,4,no
2021-10-25 03:21:35,2021-10-25 03:24:23,IP Address,100,167,True,2021-10-25 03:24:23,R_2us8z0qAUsQZYw6,anonymous,NL,1,Covid,Co2,"Ziekenhuizen ",Ambassadeur turkeyen,Gas,"Ambassadeur ",Covid,Gas,"Vaccinatie ",Co2,4916690,NL,FB,1,4,0,no
2021-10-25 03:14:07,2021-10-25 03:26:26,IP Address,100,738,True,2021-10-25 03:26:26,R_1kHPw3mnzU599v3,anonymous,NL,0.89999997615814208984375,cdu noordrijnwestfalen kiest wust als nieuwe partijvoorzitter,coronamaatregelen onder de loep nu het aantal besmettingen toeneemt,of de ongewenst ambassadeur echt weg moet uit turkije zal blijken,meer noodopvang in meerder gemeenten voor vluchtelingen,geen laptops meer voor advokaten in de streng beveiligde EBI,"sorry fout  ,lastige moment ,.                                  maraton rotterdan een groot succes                                                 groot succesmantel zorg woning op eigen terrein is soms een obstakel door onwillege gemeenten of zinloze ambtenaren",mNTELZORGWONING OP EIGEN TERREIN SOMS  een obstakel door lastge ambtenaren,hek om bv staphorst is zinloos en tegen de wet,voetbal week-end met eleverende vertoningen,succes voor de ploeg in frankrijk zorgen over opvolging,43596,NL,FB,0,5,2,yes
2021-10-25 02:58:49,2021-10-25 03:28:36,IP Address,100,1787,True,2021-10-25 03:28:36,R_pJJbuOZCICuDrS9,anonymous,NL,1,CORONAMAATREGELEN UPDATEN,"GZEONHEIDSZORG ",BESTRIJDING CRIMINALITEIT,TEWERKSTELLING,RECESSIE TEN GEVOLGE VAN CORONA,CORONAMAATREGELEN UPDATEN,VERMINDERING KOOPKRACHT,GEZONDHEIDSZORG,BEHOUD DEMOCRATIE,IMMAGRATIE BEPERKEN,5022410,NL,GA,5,5,4,yes
2021-10-25 03:28:58,2021-10-25 03:29:55,IP Address,100,57,True,2021-10-25 03:29:56,R_ClaGl5Uic8YLGLv,anonymous,NL,1,milieu,zorg,corona,defensie,onderwijs,woningnood,zorg,corona,belasting,energie,4731402,NL,GA,4,4,5,no
2021-10-25 03:27:37,2021-10-25 03:31:38,IP Address,100,240,True,2021-10-25 03:31:38,R_AcYYYt2s68clsXv,anonymous,NL,1,Corona,"Gezondheidszorg ","Woningnood ","Asielzoekers ","Toeslagen affaire ",Corona,"Noodopvang asielzoekers ",Erdogan,Woningnood,"Gezondheidszorg ",485660,NL,FB,1,5,0,yes
2021-10-25 03:34:47,2021-10-25 03:36:23,IP Address,100,96,True,2021-10-25 03:36:23,R_3FVtkyevnF13RlV,anonymous,NL,1,Migratie,Klimaat,Drugscriminaliteit,Woningaanbod,Corruptie,Klimaatdoelstellingen bedrijven,Staatsgreep Sudan,Dood acteur Gunther,Toename besmettingen Corona,Racen/Max Verstappen,4724788,NL,NOS,0,1,5,yes
2021-10-25 03:33:05,2021-10-25 03:37:58,IP Address,100,293,True,2021-10-25 03:37:59,R_3PcuuAyclDmiyHh,anonymous,NL,1,misdaad,regering,co2,scholing,imigratie,corona,noodopvang,Staphorst,klimaat,steekpartei op instagram,3154649,NL,FB,2,3,2,no
2021-10-25 03:34:33,2021-10-25 03:39:40,IP Address,100,307,True,2021-10-25 03:39:40,R_2R7U6cS2z80lfrI,anonymous,NL,0.89999997615814208984375,Krapte woningmarkt,Inflatie,Coronamaatregelen,Verdeeldheid,Immigratie,Immigratie,Coronamaatregelen,Immigratie,Inflatie,Woningmarkt,2880397,NL,GA,3,0,3,yes
2021-10-25 03:41:22,2021-10-25 03:44:52,IP Address,100,209,True,2021-10-25 03:44:53,R_3RvDu63TT33Tyls,anonymous,NL,1,F1,Voetbal,baldwin,drugsbaas,asielbeleid,voetbal,f1,drugsbaas,asielbeleid,baldwin,2764740,NL,FB,0,5,3,yes
2021-10-25 03:45:17,2021-10-25 03:47:09,IP Address,100,112,True,2021-10-25 03:47:10,R_RyvygFJCKmspulH,anonymous,NL,1,milieu,pandemie,uithuis plaatsingen van kinderen,formatie,polen,staphorst,woningmarkt,turkeije,congo,milieu,46710,NL,GA,3,0,2,yes
2021-10-25 03:51:57,2021-10-25 03:53:09,IP Address,100,71,True,2021-10-25 03:53:09,R_2q3KmIVOTlbgEN2,anonymous,NL,1,gaswinning,2e kamer,geen,geen,geeen,gaswinning,vaccinatie,covid,"geen ",geen,2008638,NL,FB,2,5,3,yes
2021-10-25 03:51:53,2021-10-25 03:54:38,IP Address,100,165,True,2021-10-25 03:54:38,R_3oRC3RRDZzV09HN,anonymous,NL,1,Rutte en EU,regeringsvorming,corona 4e variant,klimaat nonsense,economie inflatie,EMA Moderna prik,Rutte moties wantrouwen,Corona in noodopvang,omgang andersdenkenden,gebrek aan personeel,4163899,NL,NOS/GA,3,0,4,no
2021-10-25 03:54:44,2021-10-25 04:00:28,IP Address,100,344,True,2021-10-25 04:00:28,R_2wRJ5CP1J7EOUTw,anonymous,NL,1,Covid q9,"Vluchtelingen ","Criminaliteit ","Veiligheid ",Werkdruk zorg,"Veel bomen nog groen in november ",Amnesty international vertrekt uit Hong Kong,Verstappen wint GP,Ouderenbond wil extra coronaregels,Duitse IS vrouw 10 jaar cel,2697768,NL,NOS,0,0,4,no
2021-10-25 04:02:13,2021-10-25 04:04:28,IP Address,100,135,True,2021-10-25 04:04:28,R_3lQxGLYksORUAkV,anonymous,NL,0.89999997615814208984375,Armoede,Onderwijs,Woningnood,Klimaat,Gezondheidszorg,Corona,Sport,Diplomatie,Criminaliteit,Vluchtelingen,46940,NL,NOS,1,0,4,yes
2021-10-25 04:06:23,2021-10-25 04:07:55,IP Address,100,92,True,2021-10-25 04:07:55,R_2eXxnSLI26ntxtn,anonymous,NL,1,Gezondheidszorg,Onderwijs,Gas,Economie,Woningbouw,Gezondheidszorg,Wekloosheid,Gas,Woningbouw,Econome,2930896,NL,GA,5,0,0,yes
2021-10-25 04:05:35,2021-10-25 04:08:14,IP Address,100,159,True,2021-10-25 04:08:15,R_1gormzn9YACHeaQ,anonymous,NL,0.89999997615814208984375,Economie,Gezondheidszorg,Criminaliteit,Terreur,Onderwijs,Zorg,Economie,Criminaliteit,Terreur,Onderwijs,486764,NL,FB,0,5,2,no
2021-10-25 04:03:30,2021-10-25 04:11:18,IP Address,100,468,True,2021-10-25 04:11:18,R_3FOqkLDvPenVX4m,anonymous,NL,1,klimaatakkoord,formatie kabinet,werkdruk zorgpersoneel,woningnood,asielzoekers,laptop taboe in gevangenis Vught,KNMI toont klimaatakkoord,fraude met medische handschoenen VS,Friends-acteur overleden,extra asielopvang,3113407,NL,NOS,1,4,5,yes
2021-10-25 04:10:05,2021-10-25 04:14:03,IP Address,100,237,True,2021-10-25 04:14:03,R_Ti4Yyv3jgHZ2Uff,anonymous,NL,1,"Zee spiegel kan hard stijgen ",Corona perikelen,Vluchtelingen huisvesting,"Klimaatperikelen. ",Cabinet vorminh,"Zeespiegel stijging ",Froude. Met momdkapjes,Zorgen over coronacijfers,"Froude met medische handschoenen. ",Veestapel perikelen,169409,NL,GA/FB,3,3,0,yes
2021-10-25 04:16:28,2021-10-25 04:17:58,IP Address,100,89,True,2021-10-25 04:17:58,R_d6C3INOpELlHNxn,anonymous,NL,1,"Gezondheidszorg ","Woningbouw ","Werkloosheid ","Klimaatverandering ","Economie ","Gezondheidszorg ","Woningbouw ","Werkloosheid ","Klimaatverandering ","Economie ",4328948,NL,GA,3,0,5,no
2021-10-25 04:18:15,2021-10-25 04:18:48,IP Address,100,33,True,2021-10-25 04:18:48,R_3oTOUJnYxpZwimq,anonymous,NL,1,corona,ajax,az,verhoeven,discriminatue,corona,verhoeven,tram,wilders,verstappen,4095844,NL,GA,3,4,3,no
2021-10-25 04:20:12,2021-10-25 04:22:06,IP Address,100,113,True,2021-10-25 04:22:06,R_3OoxGvCZMjIhGHQ,anonymous,NL,0.89999997615814208984375,vluchtelingen,klimaat,huizenmarkt,co2,gascrisis,vluchtelingen,klimaat,co2,gascrisis,huizenmarkt,43250,NL,FB,0,5,0,no
2021-10-25 04:20:59,2021-10-25 04:24:22,IP Address,100,203,True,2021-10-25 04:24:23,R_p5w12b0BR02lND3,anonymous,NL,1,Corona,IC bezetting,Vluchtelingen,Energie prijzen,Wonen,Gunther (Friends),Corona cijfers,Klimaat,Illegaal vuurwerk onderschept,Ambassadeurs in Turkije,5009904,NL,GA,5,5,5,yes
2021-10-25 04:34:06,2021-10-25 04:38:28,IP Address,100,261,True,2021-10-25 04:38:29,R_21nTBDQjwjrIPBG,anonymous,NL,1,corona,huizenprijs,vluchtelingen,geen,geen,corona,vluchtelingen,sport,geen,geen,43603,NL,GA,3,4,0,no
2021-10-25 04:40:17,2021-10-25 04:42:57,IP Address,100,160,True,2021-10-25 04:42:57,R_SYIJVap4WmuL693,anonymous,NL,1,kernenergie,klimaat,stikstof,vluchtelingen,zorg,vluchtelingen,corona,zorg,klimaat,stikstof,3826552,NL,NOS,0,2,3,no
2021-10-25 04:40:57,2021-10-25 04:47:29,IP Address,100,391,True,2021-10-25 04:47:29,R_2dASo5RQRgKzvog,anonymous,NL,0.89999997615814208984375,Asielzoekers opvang,Criminaliteit,Woningnood,Geweld delicten,Verkeer,Dood meisje door halfzus,Verkeersongevallen A50,Asielzoekers huisvesting,Wandelaar verongelukt tijdens wandeling Duitsland,Noodweer Californië,44904,NL,GA,3,0,0,yes
2021-10-25 04:43:20,2021-10-25 04:48:13,IP Address,100,292,True,2021-10-25 04:48:13,R_rje0V3MQqXTpIch,anonymous,NL,0.89999997615814208984375,Corona covid,Co 2 uitstoot,Nieuwe regering,"Milleu ",Gas,Corona covid,Co 2 uitstoot,Regering,"Mileu ",Energie,4625400,NL,FB,0,5,5,no
2021-10-25 04:49:05,2021-10-25 04:50:36,IP Address,100,90,True,2021-10-25 04:50:37,R_sX6482immVzSGop,anonymous,NL,1,"Duurzaamheid ","Woningnood ",Corona,"Criminaliteit ","Migratie ","Asielopvang ",Klimaat,"Woningnood ","Criminaliteit ",Corona,43669,NL,GA,5,5,5,yes
2021-10-25 04:50:12,2021-10-25 04:50:47,IP Address,100,35,True,2021-10-25 04:50:48,R_27j57Py9p51hRWT,anonymous,NL,0.89999997615814208984375,,,,,,,,,,,595554,NL,,,,,
2021-10-25 04:53:07,2021-10-25 04:55:09,IP Address,100,122,True,2021-10-25 04:55:09,R_1onfL6bfIygrNNx,anonymous,NL,1,Asielprobleem,Covid,Ic ziekenhuis,Veiligheid,Criminaliteit,Asielopvang,Criminaliteit,Kabinet,Veiligheid,Sport,6949,NL,NOS,2,2,3,no
2021-10-25 05:06:14,2021-10-25 05:06:54,IP Address,100,39,True,2021-10-25 05:06:54,R_21cz94TVTJffnzj,anonymous,NL,1,corona,waterpeil,gezondheid,economie,veiligheid,corona,waterpeil,economie,geen,geen,893680,NL,FB,2,5,2,yes
2021-10-25 05:08:08,2021-10-25 05:09:11,IP Address,100,63,True,2021-10-25 05:09:12,R_1HctTFr48Y2P8Tb,anonymous,NL,1,kabinetsformatie,gezondheidszorg,terrorisme,immigratie,klimaaltverandering,gezondheidszorg,kanbinetsformatie,terrorisme,immigratie,klimaatverandering,4022408,NL,FB,2,5,2,yes
2021-10-25 05:09:45,2021-10-25 05:11:31,IP Address,100,106,True,2021-10-25 05:11:31,R_3P4C6Tbg3AE7Wmk,anonymous,NL,1,covid,vluchtelingen,geweld,kabinet,energie,vluchtelingen,covid,geweld,kabinet,"vervuide handschoenen ",3235222,NL,GA,4,5,0,yes
2021-10-25 05:18:48,2021-10-25 05:19:59,IP Address,100,71,True,2021-10-25 05:20:00,R_2bItQyZu90uf72k,anonymous,NL,1,immigratie,corona,regering,bouwen,files,fraude,belastingontwijken,corona,files,bouwen,176508,NL,NOS,0,0,5,yes
2021-10-25 05:24:54,2021-10-25 05:26:31,IP Address,100,96,True,2021-10-25 05:26:31,R_2rNLhFqiItyXoVa,anonymous,NL,1,corona,klimaat,zorg,scholen,file,corona,opwarming,zorg,steekincidenten,verkeer,480760,NL,FB,0,4,0,yes
2021-10-25 05:24:16,2021-10-25 05:28:31,IP Address,100,254,True,2021-10-25 05:28:31,R_1ocfXNqRbsyoME6,anonymous,NL,0.89999997615814208984375,Kabinet bezorgd om coronacijfers,Extra asielopvang,Klimaat,Co2 uitstoot,Corona,Kabinet bezorgd om coronacijfers,Zeespiegel kan harder stijgen,Voetbal geweld,Asiel zoekers,Oovang asielzoekers,655814,NL,FB,2,5,3,yes
2021-10-25 05:33:50,2021-10-25 05:34:51,IP Address,100,60,True,2021-10-25 05:34:51,R_2chkqGiAbyOX9He,anonymous,NL,1,corona,milieu,werk,zorg,migratie,gezond,zorg,corona,pensioen,werk,4674504,NL,GA,5,5,3,yes
2021-10-25 05:30:32,2021-10-25 05:35:53,IP Address,100,321,True,2021-10-25 05:35:53,R_3HAMkYsk3SG1USz,anonymous,NL,0.89999997615814208984375,Klimaat,Drugscrminaliteit,"COVID-19 ",Milleu,"Asielzoekers ",Stijging ziekenhuisopnames,Stijging hypotheekrente,Vormen nieuw kabinet,Plaatsing asielzoekers,Stijging zeespiegel,3172997,NL,FB,0,5,5,yes
2021-10-25 05:26:21,2021-10-25 05:36:13,IP Address,100,591,True,2021-10-25 05:36:13,R_2c1HBMp3W7Dl8I7,anonymous,NL,1,Corona loopt op,Vaccinatie,"Criminaliteit ",Biblebelt,Staphorst,Corona loopt op,Max Verstappen,Onderwijs,Geen,Geen,4418295,NL,GA,4,5,3,no
2021-10-25 05:36:47,2021-10-25 05:39:07,IP Address,100,140,True,2021-10-25 05:39:08,R_9GFGGiHVpUqTZ7z,anonymous,NL,1,coronacijfers,woningmarkt,stijgende zeespiegel,kabinet,toeslagenaffaire,stijgende coronacijfers op de ic,stijgende zeespiegel,moderna vaccin als boostershot,noodtoestand soedan,griepgolf,5027759,NL,FB,0,3,2,no
2021-10-25 05:37:16,2021-10-25 05:40:32,IP Address,100,196,True,2021-10-25 05:40:33,R_10Jf2jDaqLV5udh,anonymous,NL,0.89999997615814208984375,Corona,Toeslagenaffaire,"Vluchtelingen ",Uitzetting ambassadeurs,Milieu,Corona,Ziekenhuisopnames,Opwarming aarde,Nvt,Nvt,481233,NL,GA,3,5,0,yes
2021-10-25 05:37:02,2021-10-25 05:40:52,IP Address,100,230,True,2021-10-25 05:40:53,R_RPsvP1CBSBe1dct,anonymous,NL,1,Meer noodopvang,Maatregelen coronabesmettingen stijgen,Relatie Nederland Turkije,Huizen,Energie,Stijging corona,Ajax vernedert Psv,Besmettingen opvang asielzoekers,Woningnood,Max Verstappen,19126,NL,FB,0,3,0,no
2021-10-25 05:37:29,2021-10-25 05:41:39,IP Address,100,250,True,2021-10-25 05:41:39,R_2aEJnOQfTFTezlT,anonymous,NL,1,Corona,Woning tekort,Milieu,Veiligheid,Toelage affaire,Stijging zee spiegel,Coupe Sudan,Corona besmettingen lopen op,Rente stijging,Afgelopen sport weekend,2685266,NL,FB,2,4,3,no
2021-10-25 05:27:19,2021-10-25 05:46:40,IP Address,100,1160,True,2021-10-25 05:46:40,R_1i3vTQ0CGZqor9r,anonymous,NL,1,Corona,Stijging gasprijzen,kabinetsformatie,asielzoekers,?,verstappen heeft de grandprix van amerika gewonnen,aantal ziekenhuisopnames stijgt sneller dan verwacht,stijging zeespiegel,snotneusprotocol,?,3116121,NL,FB,0,5,3,yes
2021-10-25 05:48:10,2021-10-25 05:50:20,IP Address,100,130,True,2021-10-25 05:50:21,R_1LtJgrEqrdkZ0QH,anonymous,NL,1,formatie,turkije,criminaliteit,klimaat,stikstof geneuzel,formatie,sport,natuurrampen,criminaliteit,asielbeleid,3120459,NL,FB,2,5,2,yes
2021-10-25 06:21:13,2021-10-25 06:23:13,IP Address,100,119,True,2021-10-25 06:23:13,R_XXrrxnbSKuNNOdX,anonymous,NL,1,Snel stijgende corona cijfers,Immigratie,Formatie,Klimaat,Woningnood,Staatsgreep Sudan,Corona maatregelen,Amnesty weg uit Hong Kong,Fraude handschoenen (medisch) USA,Gunther uit Friends overleden,2802433,NL,NOS,1,1,5,yes
2021-10-25 06:24:25,2021-10-25 06:28:29,IP Address,100,243,True,2021-10-25 06:28:29,R_3377rHvD1k8kz7D,anonymous,NL,1,corona,woning tekort,migratie,hooligans,energie,topsport,max verstappen,erdogan,rutte3,toeslagen affaire,172787,NL,GA,3,5,4,yes
2021-10-25 06:27:03,2021-10-25 06:28:45,IP Address,100,102,True,2021-10-25 06:28:46,R_2ysJxepZNTeN7Mm,anonymous,NL,1,Politiek,Economie,Gezondheid,Huisvesting,Veiligheid,Gezondheid,Huisvesting,Veiligheid,Economie,Politiek,3861380,NL,GA,5,2,3,yes
2021-10-25 06:25:34,2021-10-25 06:32:02,IP Address,100,387,True,2021-10-25 06:32:02,R_Wl0DztQwol3ut9L,anonymous,NL,0.89999997615814208984375,kabinetsformatie,klimaatcrisis,energiecrisis,bouwcrisis,zorgkosten,stijgende zeespiegel,stijgende corona-aantallen,Groningen crisisgebied,Amnesty International vertrekt uit Hong Kong,staatsgreep soedan,4854387,NL,GA,5,0,5,yes
2021-10-25 06:36:42,2021-10-25 06:39:00,IP Address,100,137,True,2021-10-25 06:39:01,R_1LYfpBpoNdKtlb0,anonymous,NL,1,corona,gezondheid,milieu,sport,onderwijs,aantal coronapatienten in ziekenhuis stijgt naar hoogste niveau sinds 9 juni,zeespiegelstijding voor Nederlandse kust dreigt fors te vrsnellen,coronapreventie,"noodtoestand in soedan na coup, duizenden mensen de straat op",structureel kankerverwekkend gas geloosd in Martker- en Ijsselmeer,3846618,NL,GA,3,0,2,yes
2021-10-25 06:17:03,2021-10-25 06:42:17,IP Address,100,1514,True,2021-10-25 06:42:17,R_3I5A7izUMxRoIKo,anonymous,NL,1,Vorming regering,Corona,Opvang asielzoekersekers,"Klimaat ",Huizentekort,Verwachting hogere  stijging zeespiegei,Staatsgreep  Sudan,Eerder nieuwe corona maatregelen van de regering,Amnesty  verlaat Hongkong,Advocaten mogen geen laptop meenemen in P.I. VughtI,4123581,NL,GA,4,0,1,yes
2021-10-25 06:46:10,2021-10-25 06:48:38,IP Address,100,148,True,2021-10-25 06:48:38,R_1BQUkUEqRFK07Gk,anonymous,NL,1,toename covid,extra maatregelen,peresoneel gezondheidszorg,klimaat,milieu eisen,covid,klimaatveranderingen,aanpassing milieu-eisen,tegenstelling gevaccineerd<>niet gevaccineerd,inflatie en correcties bij pensioenen,4067149,NL,FB,2,5,3,yes
2021-10-25 07:03:44,2021-10-25 07:04:48,IP Address,100,63,True,2021-10-25 07:04:48,R_1FaISrNCHgm3beU,anonymous,NL,1,corona,klimaat,energie,armoede,onderwijs,corona,klimaat,energie,armoede,onderwijs,5031767,NL,FB,0,4,2,yes
2021-10-25 04:13:11,2021-10-25 07:05:45,IP Address,100,10353,True,2021-10-25 07:05:45,R_33eQmhaVKh1zVA9,anonymous,NL,1,"Corona ",Assielopvang,Milieu,Woningen,Zorg,Corona maatregelen,Verstappen,Zeespiegel stijgt harden,Sudan staatgreep,Amnrsty weg uit Hongkong,2466198,NL,GA,3,3,5,no
2021-10-25 04:13:22,2021-10-25 07:06:50,IP Address,100,10407,True,2021-10-25 07:06:51,R_1NdZoJ1uJb7rSVd,anonymous,NL,1,Corona,IC bedden,Milieu,"Woningmarkt ",Asiel opvang,F1,Zeespiegel stijging,Corona,Vught,Sudan,48183,NL,NOS,2,3,5,yes
2021-10-25 07:04:57,2021-10-25 07:13:53,IP Address,100,535,True,2021-10-25 07:13:53,R_3Pi66wPwbWbMUZ6,anonymous,NL,1,Coronabeleid,opwarming van de aarde,zorg,onderwijs,woningbouw,coronapersconferentie vervroegd,KNMI stelt verwachte zeespiegelstijging naar boven toe.,Staatsgreep in Sudan,Ombudsman vindt dat er een minister moet komen voor aardbevingsschade.                 dat er een minister moet komen voor het Gronings aarbeving,Vooral jongeren zien de klimaat veranderingen,1524116,NL,FB,0,3,5,yes
2021-10-25 07:28:48,2021-10-25 07:33:03,IP Address,100,254,True,2021-10-25 07:33:03,R_pmjmrXDXDXrjR2F,anonymous,NL,0.89999997615814208984375,Coronapandemie,Stijgende energieprijzen,Opvangplaatsen asielzoekers,Woningbouw / Woningmarkt,Personeelstekorten,"Kabinet denkt aan extra coronamaatregelen, haalt besluit naar voren",Snel oplopende coronacijfers,735 kg illegaal vuurwerk onderschept,Staatsgreep in Sudan,Boeren bij natuurgebieden kregen onterrecht toestemming voor uitbreiding.,2008454,NL,NOS,2,3,5,yes
2021-10-25 07:36:28,2021-10-25 07:38:40,IP Address,100,132,True,2021-10-25 07:38:41,R_1d3QZl1PfdAduAE,anonymous,NL,1,"Asielzoekers ","Regering ",Covid,"Werkloosheid ",Het weer,Nieuwe Coronamaatregelen,Zeespiegel wordt bijgesteld,Bij een snotneus thuis werken,Duitse IS vrouw krijgt 10 jaa voor doden,Staatsgreep sudan,974953,NL,GA,3,4,5,yes
2021-10-25 07:50:37,2021-10-25 07:52:36,IP Address,100,119,True,2021-10-25 07:52:36,R_2wuwtXmkn8REJhl,anonymous,NL,1,"Woningnood ","Klimaat ","Corona ","Asiel beleid ","Toeslagen affaire ","Corona ","Klimaat ","Asiel beleid ","Toeslagen affaire ","Formatie kabinet ",43734,NL,GA/FB,5,5,0,yes
2021-10-25 07:52:47,2021-10-25 07:54:22,IP Address,100,95,True,2021-10-25 07:54:23,R_XvxixzsXpsuA15T,anonymous,NL,1,nieuw regerjng,klimaat,toeslag affaire,corona,woningnood,corona,toeslagaffaire,woningnood,klimaat,nieuw kabinet,5047801,NL,FB,0,5,0,yes
2021-10-25 07:56:08,2021-10-25 08:02:32,IP Address,100,383,True,2021-10-25 08:02:32,R_3QErlRQD8QYUPoQ,anonymous,NL,1,Woningnood,Coronacrisis,Vluchtelingenstroom,Energieprijzen,Geweld,Nieuwe maatregelen coronacrisis,Weer storing bij Vodafone,Max Verstappen gewonnen in de VS,Poolse premier waarschuwt EU voor 3e Wereldoorlog,Zeespiegel voor de Nederlandse kust dreigt fors te stijgen,4797228,NL,GA,3,2,0,no
2021-10-25 08:09:21,2021-10-25 08:10:30,IP Address,100,69,True,2021-10-25 08:10:30,R_3pkW5tB6zw8Tt7h,anonymous,NL,1,Corona,Stikstof,"Criminaliteit ",Klimaat,Immigranten,Voetbal supporters,Geweld tegen ploitie,Kabinet vormen,Ter Apel,Corona,5021572,NL,FB,2,5,3,yes
2021-10-25 08:17:28,2021-10-25 08:19:59,IP Address,100,151,True,2021-10-25 08:20:00,R_1hGuRDP5OERZ2cl,anonymous,NL,1,geen idee,geen idee,geen idee,geen idee,geen idee,"Criminaliteit ",huizenmarkt,Milieu,natuur,Klimaat,167441,NL,FB,2,5,3,yes
2021-10-25 08:16:11,2021-10-25 08:21:21,IP Address,100,309,True,2021-10-25 08:21:21,R_24zOorX87Idfv6m,anonymous,NL,1,sneller stijgende zeespiegel,oplopende coronacijfers,volle IC's,kabinetsformatie,aardbevingen in Groningen,zeespiegelstijging,staatsgreep Sudan,formatie Duitsland,België+coronamaatregelen,"Amnesty ",49489,NL,NOS,0,3,5,yes
2021-10-25 08:47:22,2021-10-25 08:51:55,IP Address,100,272,True,2021-10-25 08:51:55,R_sF0AJtxLpa0BgVb,anonymous,NL,0.89999997615814208984375,Coronacijers,Kabinetformatie,Veiligheid,Immigratie,Woonmarkt,Stijgende coronacijfers,Zeespiegel stijgt sneller dan verwacht,Geen,Geen,Geen,4989780,NL,NOS,0,0,3,yes
2021-10-25 09:09:30,2021-10-25 09:10:49,IP Address,100,78,True,2021-10-25 09:10:49,R_Q6Pnrzfig85idix,anonymous,NL,1,Aardbeving,"Besmetting ",Voetbal,Klimaat,Asiel,Sport,Klimaattop,Asiel,Formule 1,Klimaat,4008961,NL,NOS,0,3,5,yes
2021-10-25 09:08:55,2021-10-25 09:12:26,IP Address,100,210,True,2021-10-25 09:12:27,R_3JIOLYRBqiOt4fC,anonymous,NL,1,criminalireit,klimaat,mileu,gezondheid,corona,Verstappen winnaar Vs,Corona besmettingen,Uitzetting ambaseurs Turkey,Storing Vodafone,Maatregeling Corana misschien vervroegd.,444237,NL,NOS,0,0,5,yes
2021-10-25 09:34:12,2021-10-25 09:35:02,IP Address,100,50,True,2021-10-25 09:35:03,R_1Q0pok8qh3IAv3i,anonymous,NL,1,Covid,Geld,Maatschappij,Seks,Roken,Covid,Maatschappij,Geld,Werk,Suiker,980722,NL,GA,5,3,2,yes
2021-10-25 09:30:36,2021-10-25 09:43:26,IP Address,100,769,True,2021-10-25 09:43:26,R_2zdsWgZslWy5mkQ,anonymous,NL,1,"Opnieuw zorgbonus uitgekeerd aan zorgmedewerkers ",Zorgen op Ic's door oplopende coronacijfers,"Kabinet komt dinsdag (vervroegd) met persconferentie, wacht advies OMT af wb Coronamaatregelen ",Ret Rotterdam wil metronetwerk uitbreiden ivm nieuwbouw Zuid,"Vodafone kampt met storing ; 3e in korte tijd ","Soedan: staatsgreep, leger geeft premier huisarrest ","Zeespiegel stijgt sneller dan verwacht, KNMI maakt zich zorgen nav internationaal rapport","VS Verstappen wint race en loopt verder uit op Hamilton ","Britse supermarkten verhullen lege schappen (aanvoerproblemen) met foto's ","Polen waarschuwt EU voor derde wereldoorlog ",5027394,NL,NOS,0,0,5,yes
2021-10-25 09:56:25,2021-10-25 09:57:26,IP Address,100,60,True,2021-10-25 09:57:27,R_1nZvDpz3kByDpeD,anonymous,NL,1,corona,vaccinaties,afganistan,vluvhtelingen,energie,vluchtelingen,persconferentie,corona,vaccineren,energie,2697881,NL,NOS,1,3,5,yes
2021-10-25 10:01:33,2021-10-25 10:03:31,IP Address,100,118,True,2021-10-25 10:03:31,R_qL375M5mUwrNx7j,anonymous,NL,1,migratie,economie,"veiligheid ",natuur,onderwijs,economie,onderwijs,veiligheid,imigratie,welzijn,4168662,NL,GA,4,4,4,no
2021-10-25 10:07:33,2021-10-25 10:15:47,IP Address,100,494,True,2021-10-25 10:15:48,R_3UH6jx93cXtVZOV,anonymous,NL,1,corona,klimaat/milieu,veiligheid/criminaliteit,woningnood,anders taligen,corona: stijging van besmettingen,eerder persconferentie,"zorgmedewerkers bonus van 385,00 euro",storing bij vodafone,derde wereld oorlog,34281,NL,NOS,1,1,3,yes
2021-10-25 04:29:18,2021-10-25 10:22:29,IP Address,100,21191,True,2021-10-25 10:22:29,R_7OnxqmYAoAWyhl7,anonymous,NL,1,Coronamaatregelen,Persconferentie,Burgemeester scherpenzeel,Van bommel,Oesters zeeland,Turkije,Zeespiegestijging,Storing vodafone,Coronabonus,Aanrijding oosterhouter,2619902,NL,GA,5,5,5,yes
2021-10-25 10:32:45,2021-10-25 10:34:53,IP Address,100,127,True,2021-10-25 10:34:53,R_2S05nLP8VmEf4R7,anonymous,NL,1,Corona,Vluchtelingen,Milieu,Economie,Veiligheid,Corona,Vluchtelingen,Woonhuisvesting,Veiligheid,Milieu,172983,NL,NOS,0,2,4,no
2021-10-25 10:46:49,2021-10-25 10:48:26,IP Address,100,97,True,2021-10-25 10:48:26,R_2YudceZsNil2VzW,anonymous,NL,1,geweld,politiek,milieu,imigratie,corona,corona,milieu,regering,jeugd,imigratie,969271,NL,NOS,2,2,3,yes
2021-10-25 10:44:26,2021-10-25 10:50:17,IP Address,100,350,True,2021-10-25 10:50:17,R_3p6n470LK7fIzUB,anonymous,NL,0.89999997615814208984375,Coronabesmettingen,woningmarkt,milieu,Energierekening,Toeslagenaffaire,Coronabesmettingen,Advies O.M.T,Rel Turkije,Zorgmedewerkers krijgen bonus.,Wooncrisis,170386,NL,GA,5,0,4,yes
2021-10-25 10:52:21,2021-10-25 10:54:32,IP Address,100,131,True,2021-10-25 10:54:32,R_3LZqDYrd3kYqnzV,anonymous,NL,1,Klimaat,"Opvang asielzoekers ","Criminaliteit ",Gas,"Huizenmarkt ",Corona maatregelen,"Klimaattop ","Opvang asielzoeker ",Gas,"Huizenmarkt ",3819765,NL,NOS,0,0,4,yes
2021-10-25 10:58:01,2021-10-25 11:00:38,IP Address,100,156,True,2021-10-25 11:00:38,R_3qpPgK8uDA8ZnTw,anonymous,NL,0.89999997615814208984375,immigratie,gezondheidszorg,intolerantie,pensioenen,huisvesting,huisvesting,immigranten,gezondheidszorg,top3 al genoemd,top 3 al genoemd,4487778,NL,NOS,0,1,3,no
2021-10-25 11:00:45,2021-10-25 11:02:40,IP Address,100,115,True,2021-10-25 11:02:40,R_0CyVBvBrDkfFtDz,anonymous,NL,1,Corona crisis,Huizen crisis,Formatie,Zorg,Onderwijs,Corona besmettingen,Turkije en EU,OMT advies,Corona patiënten in ziekenhuis,Wooncrisis,4035848,NL,NOS,1,0,5,yes
2021-10-25 10:52:22,2021-10-25 11:03:54,IP Address,100,692,True,2021-10-25 11:03:55,R_O6UvWIaYz4gxok1,anonymous,NL,1,"coronacrissis ","asielbeleid ",wooncrissis,"klimaat ","formatie ",coronacijfers,"stijging zeespiegel ",consumentenprijzen,"hypotheek rente ",erdoghan,4732950,NL,FB,2,5,3,yes
2021-10-25 11:06:03,2021-10-25 11:08:10,IP Address,100,127,True,2021-10-25 11:08:10,R_RKs5gIepdHYAM6Z,anonymous,NL,1,Corona,Veiligheid,Asielzoekers,Opvoeding kinderen,Onderwijs,Corona stijging,Asielzoekers,Klimaatverandering,Staking ziekenhuizen,"Zeespiegelstijging ",2686579,NL,FB,1,5,5,yes
2021-10-25 11:05:49,2021-10-25 11:08:57,IP Address,100,187,True,2021-10-25 11:08:57,R_3245JoV5e5GHcfk,anonymous,NL,1,oplopende corona,klimaat,files,geweld,gasprijs,corona,energie,klimaat,geweld,zorg,170872,NL,GA,3,4,5,yes
2021-10-25 11:17:59,2021-10-25 11:18:43,IP Address,100,44,True,2021-10-25 11:18:44,R_1eql3WSaoXfXffx,anonymous,NL,1,Corona,Politiek,Milieu,Duurzaamheid,Weer,Corona,Weerbericht,Politiek,Zorgbonus,Natuur,3179119,NL,FB,0,5,4,no
2021-10-25 11:26:28,2021-10-25 11:33:23,IP Address,100,414,True,2021-10-25 11:33:23,R_2rozhG9TRi12SRS,anonymous,NL,0.89999997615814208984375,"Cofidis ","Woningnood ","Kabinetsformatie ","Lerarentekort ",Stikstofprobleem,Weer meer Corona,Ambassade weg uit Turkije ?,Meer opvang asielzoekers in gemeenten,Suprematie Ajax,Max Verstappen : TOP,4031731,NL,FB,0,3,2,yes
2021-10-25 11:38:44,2021-10-25 11:41:23,IP Address,100,159,True,2021-10-25 11:41:24,R_tStsTKRWDknl6KJ,anonymous,NL,1,gezondheid,veiligheid,woning,inkomen,scholing,gezondheid,veiligheid,woning,inkomen,scholing,4648890,NL,NOS,0,0,5,no
2021-10-25 11:42:17,2021-10-25 11:43:30,IP Address,100,72,True,2021-10-25 11:43:30,R_81RHYnf2TgPcNFL,anonymous,NL,1,klimaat,huisvesting,corona,geweld op straat,weet ik even niet,coronamaatregelen,geweld op straat,klimaat,huisvesting,weet ik even niet,167056,NL,GA,3,3,4,no
2021-10-25 11:40:02,2021-10-25 11:45:54,IP Address,100,351,True,2021-10-25 11:45:54,R_31pjdw97e6aDXyp,anonymous,NL,0.89999997615814208984375,"Kabinetsformatie ",Asielopvang,Woningcrises,Gascrisis,"Klimaatcrisis ","Kabinetsformatie ",Asielopvang,Gasprijs,-,-,42254,NL,GA,5,0,0,no
2021-10-25 11:57:06,2021-10-25 11:59:29,IP Address,100,143,True,2021-10-25 11:59:29,R_3EX3epdjdqWgUuk,anonymous,NL,1," veiligheid ","functie ","Gezondheid ","migratie ",opleiding,"covid ","politiek ","functie ","werkloosheid ",beperking,3082302,NL,GA,5,5,5,yes
2021-10-25 12:20:11,2021-10-25 12:26:05,IP Address,100,354,True,2021-10-25 12:26:06,R_22xkz24kQswzTuu,anonymous,NL,1,milieu vraagstuk,corona,nieuw kabinet,files,asielbeleid,turkije ziet af van wegsturen ambassadeur,coronavirus in nederland,EMA geeft toestemming voor boosterprik,asielbeleid in nederland,ruim miljoen zorgmedewerkers krijgen bonus,483951,NL,NOS,0,4,5,yes
2021-10-25 12:38:55,2021-10-25 12:40:44,IP Address,100,109,True,2021-10-25 12:40:46,R_Z29UAmC0edNEyOt,anonymous,NL,1,Belasting,Verkeer,Corona,Geweld,Criminaliteit,Belasting,Geweld,Corona,Verkeer,Criminaliteit,3982885,NL,FB,1,5,0,no
2021-10-25 12:33:08,2021-10-25 12:41:44,IP Address,100,516,True,2021-10-25 12:41:44,R_qF9Tftr7ySWRUul,anonymous,NL,1,klimaatverandering,covid 19,veiligheid,vertrouwenscrisis in de  politiek,ondewrwijs,covid 19,klimaatdoelstellingen,solidariteit in de samenleving,dreigende overbelasting van de ziekenhuizen,buitenlandse betrekkingen  met bijv China en Turkije,4601366,NL,NOS,2,0,3,no
2021-10-25 12:26:40,2021-10-25 13:19:19,IP Address,100,3159,True,2021-10-25 13:19:20,R_bK5zGthtfgvF0Y1,anonymous,NL,1,nieuwe maatregels corrona,wat verlichting opvang asielzoekers maar cricis no niet voorbij,zeespiegel stijgine,huizen markt,formatie kabinet,max verstappen,Ajax - PSV,penisplant bloeit weer sinds 1997,rico verhoeven voelt zich goed,corrana opname,174743,NL,FB,0,5,2,no
2021-10-25 13:22:18,2021-10-25 13:24:17,IP Address,100,118,True,2021-10-25 13:24:17,R_2du3e2rKauxYfKt,anonymous,NL,1,Klimaat,Criminaliteit,Woningen,Vluchtelingen,.,Asielzoekers,Nederlandse ambassadeur turkije,Het kabinet,Economie,Mondkapjes,920458,NL,GA,4,0,3,no
2021-10-25 13:30:42,2021-10-25 13:31:55,IP Address,100,72,True,2021-10-25 13:31:55,R_AgiZOPYrclyYvEB,anonymous,NL,1,Coronabeleid,Zorg,Klimaat,Onderwijs,Woningmarkt,Zorg,Corona,Klimaat,Onderwijs,Woningmarkt,5025828,NL,FB,0,5,2,yes
2021-10-25 13:40:11,2021-10-25 13:43:26,IP Address,100,194,True,2021-10-25 13:43:26,R_1FwB8fTbJZ9DABs,anonymous,NL,1,wonen,corona,immigratie,klimaat,veiligheid.criminaliteit,corona,klimaat,opvang asielzoekers,rico verhoeven,ziekenhuiszorg,173412,NL,FB,0,5,0,yes
2021-10-25 13:42:40,2021-10-25 13:44:59,IP Address,100,139,True,2021-10-25 13:44:59,R_3OpsS5vTL17oOiu,anonymous,NL,1,zorgtoeslag,corona,weet niet,weet niet,weet niet,weet niet,weet niet,weet niet,weet niet,weet niet,5029396,NL,GA,5,5,0,no
2021-10-25 13:58:39,2021-10-25 14:05:23,IP Address,100,403,True,2021-10-25 14:05:23,R_1loCjBldlMubhOU,anonymous,NL,1,Corona,Kostenexplosie energie,Vertrouwen in de politiek,Formatie,Klimaatcrisis,Nieuwe coronamaatregelen,Rel met Turkije over de ambassadeurs,Toeslagenaffaire en de afkeuring door de Raad van State.,Verkoop Picasso's,Formatiestilte,4078029,NL,NOS,0,1,3,yes
2021-10-25 13:36:43,2021-10-25 14:08:41,IP Address,100,1918,True,2021-10-25 14:08:42,R_1j8mbPLtalQxeDa,anonymous,NL,1,asielzoekers,corona,erdogan ambassadeurs uitzetten,oplopende besmettingen corona,Komt er een lokale lockdown.,oplopende corona besmettingen.,kabinet vervroegde corona persconferentie.,chiptekort groot probleem,banken verhogen hunhypotheek rentes.,nieuwe krater extra lavastroom LA PALMA,2864644,NL,NOS,0,0,5,no
2021-10-25 14:38:14,2021-10-25 14:43:36,IP Address,100,322,True,2021-10-25 14:43:37,R_1f7wkEsNLxfpadW,anonymous,NL,1,stijgende corona cijfers,mogelijk beperkingen niet gevaccineerden,formatie kabinet,stijgende energieprijzen,huizen tekort,stijgende coronacijfers,mogelijk beperkingen voor niet gevaccineerden,stijgende energieprijzen,formatie regering,woningen tekort,4536811,NL,FB,0,5,4,yes
2021-10-25 14:47:57,2021-10-25 14:51:38,IP Address,100,221,True,2021-10-25 14:51:38,R_3PMpxh9RsO53VE6,anonymous,NL,1,erdogan en de ambassadeurs,klimaat  en de zeespiegel,gassen uit de boten,nieuwe covid maatregelingen,patricia paaij in het ziekenhuis,waylon wordt weer vader,"gassen in de boten ",covid maatregelingen,ambassadeurs mogen blijven,zeespiegel,480184,NL,FB,0,5,3,no
2021-10-25 14:52:53,2021-10-25 14:53:23,IP Address,100,29,True,2021-10-25 14:53:23,R_25GcICbpmUUQcpt,anonymous,NL,1,?,?,?,?,?,?,?,?,?,?,2687318,NL,NOS,0,0,5,yes
2021-10-25 14:52:14,2021-10-25 15:00:31,IP Address,100,496,True,2021-10-25 15:00:31,R_3rRgDb57RHcOD9n,anonymous,NL,1,Woningnood,Immigratie,Corona,x,x,Corona,Zeespiegelstijging,Energieprijzen,x,x,120042,NL,NOS,0,0,3,yes
2021-10-25 15:01:22,2021-10-25 15:05:08,IP Address,100,226,True,2021-10-25 15:05:08,R_2a9zsHDDLBGhZRA,anonymous,NL,1,"energieprobleem, de gasprijzen","Turkije, Erdogan",Corona-maatregelen,Toeslagenaffaire,Migratieprobleem,"Groningen, vergoeding voor aardbevingsschade",Turkse presidentt op ramkoers,Lokale lockdowns,Toeslagen,geweld tegen vrouwen,2751697,NL,NOS,0,2,4,yes
2021-10-25 15:01:13,2021-10-25 15:07:47,IP Address,100,394,True,2021-10-25 15:07:47,R_0vv5zOJKyLozj4B,anonymous,NL,1,Corona,Toeslagenaffaire,Opvangplekken,Klimaat,"Broeikaseffect ",Acties Corona,Uitwijzingen door Erdogan,Extra opvangplekken,Tramduw Den Haag,Zorgbonus,3119751,NL,FB,0,5,2,no
2021-10-25 18:58:37,2021-10-25 19:14:00,IP Address,100,923,True,2021-10-25 19:14:01,R_2EsYtEcYkuVhuhj,anonymous,NL,1,Criminaliteit,Koopkracht,Economie,Gezondheid,Geen,Protest ziekenhuizen,Tesla megaorder,Soedan oorlog,Geen,Geen,166735,NL,GA,3,5,2,no
2021-10-26 00:04:44,2021-10-26 00:06:38,IP Address,100,114,True,2021-10-26 00:06:38,R_8k0KF46sOAF2vXH,anonymous,NL,1,corona,asielproblematiek,gezondheidszorg,kabinetsformatie,weet niet,aanscherping coronamaatregelen,tekort zorgpersoneel,tekort aan asielplekken,weet niet,weet niet,2933131,NL,NOS,2,2,4,no
2021-10-25 01:03:05,2021-10-25 01:03:16,IP Address,25,11,False,2021-10-26 01:15:44,R_3KSVr1xCaLLpQ7D,anonymous,NL,1,,,,,,,,,,,36160,NL,FB,2,5,2,yes
2021-10-25 01:04:14,2021-10-25 01:07:40,IP Address,50,206,False,2021-10-26 01:15:44,R_2bTBOcK2oPGNuXA,anonymous,NL,1,klimaat,zorg,onderwijs,milieu,extremisme,,,,,,4074154,NL,NOS,0,0,5,no
2021-10-25 01:01:21,2021-10-25 01:14:30,IP Address,75,788,False,2021-10-26 01:15:44,R_1QblUugYl2C7kct,anonymous,NL,1,Wonen,Formatie,Corona,Geweld op straat,Milieu,Corona,Formatie,Wonen,Geweld op straat,Miliieu,5057625,NL,NOS,0,0,3,yes
2021-10-25 01:24:17,2021-10-25 01:24:28,IP Address,25,10,False,2021-10-26 01:15:44,R_cRPSolNBSx7cJIB,anonymous,NL,0.89999997615814208984375,,,,,,,,,,,3337224,NL,GA,4,5,5,yes
2021-10-25 01:52:13,2021-10-25 01:52:23,IP Address,25,10,False,2021-10-26 01:15:44,R_RXOZCf3wFUb2DNn,anonymous,NL,1,,,,,,,,,,,46107,NL,GA,5,5,0,no
2021-10-25 02:29:10,2021-10-25 02:29:20,Spam,25,9,False,2021-10-26 01:15:44,R_2AHhrB66Zg1ugfH,anonymous,NL,1,,,,,,,,,,,44208,NL,GA,3,5,2,yes
2021-10-25 02:32:42,2021-10-25 02:33:02,IP Address,25,20,False,2021-10-26 01:15:45,R_3HpNB3NV1xKkxUK,anonymous,NL,0.89999997615814208984375,,,,,,,,,,,173005,NL,FB,0,5,1,no
2021-10-25 02:36:52,2021-10-25 02:39:41,IP Address,75,169,False,2021-10-26 01:15:45,R_22lTiPh2rmuiw4x,anonymous,NL,0.89999997615814208984375,Klimaat,Stikstof,Woningnood,Veiligheid,Openbaar bestuur," Corona",Aardbevingsschade Groningen,Diplomatieke rel Turkije,"Vluchtelingen ",Sport,639654,NL,FB,0,5,5,yes
2021-10-25 04:17:46,2021-10-25 04:17:58,Spam,25,12,False,2021-10-26 01:15:45,R_ywsPLEyWZYLbfZn,anonymous,NL,1,,,,,,,,,,,43210,NL,FB,0,5,0,no
2021-10-25 01:29:41,2021-10-25 01:30:33,IP Address,50,52,False,2021-10-26 01:15:45,R_3Rt6SHFAYQ4OHrv,anonymous,NL,1,huizen,geld,immigratie,fd,gf,,,,,,173454,NL,GA,4,3,4,no
2021-10-25 05:14:23,2021-10-25 05:14:34,Spam,25,11,False,2021-10-26 01:15:45,R_2cnO9gvTcSHNO8n,anonymous,NL,1,,,,,,,,,,,1578054,NL,FB,0,3,0,no
2021-10-25 10:32:52,2021-10-25 10:33:09,Spam,25,17,False,2021-10-26 01:15:45,R_OI6C8bqN5pYwLGF,anonymous,NL,1,,,,,,,,,,,878413,NL,GA,3,4,4,no
2021-10-25 09:42:36,2021-10-25 09:46:34,IP Address,75,237,False,2021-10-26 01:15:46,R_2rOUlkagvN1llfZ,anonymous,NL,1,Corona,Geheim onderzoek moskeeen,Toeslagenaffaire,Formatie,Milieu,KNMI stelt zeespiegelstijging bij,Geheim onderzoek naar moskeeen,Aantal coronabesmettingen blijft oplopen,Koningin Elisabeth lag in het ziekenhuis: wat nu,Mogelijk nieuwe maatregelen corona,2433880,NL,NOS,0,1,4,yes
2021-10-25 01:00:20,2021-10-25 01:00:24,IP Address,25,3,False,2021-10-26 01:15:47,R_xsVLoRDs2IBp0op,anonymous,NL,0.89999997615814208984375,,,,,,,,,,,4431201,NL,FB,3,4,3,no
2021-10-25 00:53:10,2021-10-25 00:53:18,IP Address,25,7,False,2021-10-26 01:15:47,R_bdX9GcznDORDkoV,anonymous,NL,0.89999997615814208984375,,,,,,,,,,,3110175,NL,NOS,0,0,3,no
2021-10-25 01:21:22,2021-10-25 01:21:59,Spam,25,37,False,2021-10-26 01:15:47,R_Zt1UdeEMIYIsC1X,anonymous,NL,1,,,,,,,,,,,172122,NL,NOS,0,2,3,no
2021-10-25 03:12:11,2021-10-25 03:12:16,Spam,25,4,False,2021-10-26 01:15:47,R_DNKf3dovR1H409j,anonymous,NL,1,,,,,,,,,,,4810654,NL,GA,3,5,1,yes
2021-10-25 04:53:42,2021-10-25 04:53:52,IP Address,25,9,False,2021-10-26 01:15:47,R_21tUZlcx5NQL329,anonymous,NL,1,,,,,,,,,,,173129,NL,NOS,0,0,5,yes
2021-10-25 03:14:47,2021-10-25 03:14:56,IP Address,25,8,False,2021-10-26 01:15:47,R_2wn7BgO94AMUy4F,anonymous,NL,0.89999997615814208984375,,,,,,,,,,,168722,NL,FB,0,5,2,no
2021-10-25 03:32:43,2021-10-25 03:34:53,IP Address,75,130,False,2021-10-26 01:15:47,R_Op41tCVLYQcka0F,anonymous,NL,1,Corona,Asielgedoe,Woningnood,Kabinet,Files,Covid,Asielgedoe,Max verstappen,Friends,Boeren,4727682,NL,NOS,2,0,5,yes
2021-10-25 07:34:42,2021-10-25 07:36:05,IP Address,50,83,False,2021-10-26 01:15:47,R_2WSxpe3hEUGABhm,anonymous,NL,1,kabinet,vluchtelingenonderkomen,corona,vakantie,economie,,,,,,17887,NL,FB,0,5,0,no
2021-10-25 05:04:22,2021-10-25 05:04:25,Spam,25,3,False,2021-10-26 01:15:47,R_2bU9I6dHyGB4rGe,anonymous,NL,1,,,,,,,,,,,5057385,NL,GA,5,5,4,no
2021-10-25 05:40:12,2021-10-25 06:10:02,Spam,25,1790,False,2021-10-26 01:15:47,R_XuiMV26ITUFuRpL,anonymous,EN,0.89999997615814208984375,,,,,,,,,,,809350,EN,FB,0,4,0,yes
2021-10-25 09:34:03,2021-10-25 09:34:52,Spam,25,49,False,2021-10-26 01:15:47,R_33DXA3Cuzna3Gqx,anonymous,NL,1,,,,,,,,,,,4887703,NL,FB,1,5,2,no
